,design,n,mpnn,plddt,ptm,pae,rmsd,seq
0,0,0,0.9212516839041848,0.6418036222457886,0.6870689392089844,12.497328251600266,5.870587348937988,GEIAIIVHAKDDTKEVVEKIAKEIEEKYGVTVKVSKGGYEELLKITKEVAEEVSKGKKVATVAMSPGYTADASSGLGLGETGRPLTEEEKEAVKELAKAVDILAVAGHAMGGGGVALAIAGALAGVRLHFGYRGSEYVAIATELGAFKEIGGVPLTPWHTDKTLTPERLAARFAAHARLPALKAAGATPEELAAAAAITAPALPFVEGALPAVVGAEADTVAPVADVYAHETRPVVTASIDELLARLPELGLDTLLVLCNASHIAPNSGPGRELGARLLALTLKRMGAEAFIELKIFEAENEAELKALKDGTVLREGLETQAAAWKEVF
1,0,1,0.9658588994839234,0.48639416694641113,0.4675712287425995,17.33123070001602,10.913095474243164,GEIAIVIHEESENKEVAQKIADEITEKYGVEVVVSTGGYEELRRLVRELMARVAAGKRVATVAMSPGYTADASSGLGDGNTGAPLTPEEREAVAELARAVDMLAVAGHAMGGGGTALAVLGALRGVRVHFGYRDSEFVAIATELGAFREVASVPLTPWHTDKTMTPEELDAKFAAHAELPKLKAAGASPEEIAAAAAITAPVLPAVPGALHAVVGAEADTVAPVAEVYADETRPVVTASIEELLAQLEKLGLDTLLVLCNASHIAPNSGPGRYLGNRLLALVMKEMGAEAFVDLRIFRALNEAELAALKSGEVLRSGLSTWAKAAKEVF
2,0,2,0.9633988566671341,0.5175990462303162,0.512590765953064,17.08639907836914,10.142094612121582,GEVAILVHEKDENKEVVEAVAKELEEEFGVRVVVSRGGFEELLKKTEELAKEVSEGKTVATYAMSPGYTADASSGLGYGETGRALTPEEKKAIAALMKAVDILAVAGHAMGGGGVSLAVAGALAGVKLSFGYRGSQRVAIATELGAFKKLAYVPLTPWHTDKTMTPEELEKKFAAHAELPKAKAAGASPEEIAALEAITAPALPFVEGVLPAVVGAEADTVAPVAEVYADETNPVVTATIEELLARLPELGLDVVLVLCNASHIAPNSGPGRLLGERLLALVLKEMGAEAFIELRIFEAENEAELAAHRSGAVLRDGLATLARAFVEAF
3,0,3,0.9277115506563212,0.475391685962677,0.3767758905887604,18.826234817504883,7.793738842010498,GEVAIVVHAADDTRPVVAAIAERLRAEFGVEVVVSTGGYAELRALVREVMARVAAGRTVATLAMSPGYTADASSGLGYGETGRPLTPEERAAVAELAEAVDILAVAGHAMGGGGVALALAGALRGVRLHFGYRGSEFVAIATELGAFRRLGGVPLTPWHTDKTLTPAKLDEKFAAHARLPALRAAGATPEEIAAAEAITAPAGPFVPGTLWAVVGAEADTVAPVAEVYADVTAPVVTASIEELLARLEELGPETLLVLCNASHIAPNSGPGRRLGRRLLALTLRRMGAEVFVELRLLEALDDAELAALRDGTVVESGLATLAAAWVEVF
4,0,4,0.9441405530592819,0.54771688580513,0.6015627980232239,15.434368133544922,7.28991174697876,GRVAILVHVEDETKEVAEAIAAELEREYGVTVRVSRGGWEELLRLVRELMAEVSAGHRVATVAMSPGYTADASSGLGYGDTGRPLTPAEREAVAELLRAVDILAVAGHAMGGGGVSLAVRGARRGVTVSFGFRDSQVVAIATELGAFERLAYVPLTPWHTDKTLTDAELDKKFATHAELPKLKAAGATPEEIAAAAAATAPVLPAEPGALPAVVGAEADTVAPVSEVYADVTQPVVTATIEELLARLPELGLETLLVLCNASHIAPNSGPGRYLGARLLALVLRRLGADVFVDLRLFVAENEAELEALRAGTVLREGLATWARAAVEVF
5,0,5,0.9533532582093012,0.6187841892242432,0.6536731719970703,13.142316550016403,4.982613563537598,GEVAILIHAKDDTVDVVKKIAEKVREEYGVEVRVSTGGMAELLALTKELAARVAAGRRVATYAMSPGYTADASSGLGYGETGAPLTPEEREAVAALAAATDLLAVAGHAMGGGGTSLAVLGAERGVTVSFGYRDSERVAIATELGAFRELASVPLTPWHTDKTLTEAELDARFAAHAALPALKAAGATPEEIAAAEAITAPVGPAWEGALPAVVGAEADTVAPVDEVYADETRPRVTATIEELLARLEELDLDTLLVLCNASHIAPNSGPGRELGQRLLALTMRRLGAEVFLELRLFEALDDAHLAALKSGEVLYEGVSTLARAWVEAF
6,0,6,0.9542294388465434,0.571410745382309,0.5233082175254822,15.59402060508728,9.211599349975586,GRVALVLHQAGEHRAVAEAVAAEIREEFGVEVVVSRGGPEDLLAQVRALMARVAAGAKVATYAMSPGYTADASSGLGYGNTGRPLTPAERAAVAALAAAVDLLAVAGHAMGGGGVSTLVRGALDGVTVSFGYRDSEFVAIATELGAFERLAYVPLTPWHTDKTMTPEEWAEKAAVHARIPELEAAGASPEEIAAARAKAAPALPFVDGVLPRVVGAEADTVAPVSEVYADETRPVVTATIEELLARLAELGLDTVLVLCNASHIAPNSGPGRRLGLRLLALTMREMGAEVFVDLRLFEAEDEAEAAALRDGTVLRAGLRDLAAAAVEAF
7,0,7,0.9495357511775977,0.5312063097953796,0.5132730603218079,16.686336636543274,10.561208724975586,MEVAILIHEEGPHKEVVKAVAEEIREKFGVKVVVSEGGYEELKKLTKELMEEVSKGKTVATLAMSPGYTADASSGLGYGETGRPLTPEEKEAVKILMEKVDILAVAGHAMGGGGVSSLIRGALEGVRLSFGYMGSQFVAIATELGAFKKLGGVPLTPWHTDKTLTPEEWARRAAAAARLPELEAAGATPEEIAAARALTAPALPAVEGVLWAVVGAEADTVAPVAEVYADVTEPVVTASIEELLARLPELDLSTLLILCNASHIAPNSGPGRLLGFRLLALVMKRMGAEVFVKLIILKAENEAEAAALAAGDVLRDGLETLARAMVEVG
8,0,8,0.9791770787538667,0.5684995353221893,0.627905011177063,15.836413204669952,9.399467468261719,GEIAIVVHQKDDTVPVAQAIADAIRKKYGVTVEVSTGGEEELLKIVKELMEKISKGKKVATYAMSPGYTADASSGLGYGDTGRPLTEAEKEAVREMLKYVDILAVAGHAMGGGGVALIVLGAEKGVKLHFGYMGSEFVAIGTEGGYFEKIAYVPLTPWHTDKTLTEEELEAKFKTHAEIPKLKAAGASPEEIAAALAKTAPVLDAVEGALGATVGAEADTVAPVSEVYADVTEPVVTATIDELLARLPELDLSTLLVLCNASHIAPNSGPGRRLGERLLALTMKKMGAEAFFSLRIFVAEDEAERAALRAGDVLRSGLETLAAAWKEVF
9,0,9,0.9770885151420352,0.5413215458393097,0.5726226568222046,15.629364252090454,11.356644630432129,GEVAILVHERGENKPVAEKIAAEIRERFGVEVVVSTGGEEELLRLVRELMERVAAGKRVATVAMSPGYTADASSGLGYGNTGRPLSPEEREAVAELMRAVDLLAVAGHAMGGGGVATAVRGALAGHEVHFGYRDSEVVAIATRLGAFKELAYVPLTPWHTDKTGTDARFAEKFATHAEIPKLRAAGASPAEIAAALAKTAPWGPAVDGVLPRVVGAEADTVAPVAEVFADVTEPVVTATIDELLARLPALDPSTLLVLCNASHIAPNSGPGRELGMRLLALTMREMGAEALVELRLFEAENEAERRELESGEVLRSGLETWARAAVEVF
10,0,10,0.964477637190059,0.7748771160840988,0.7861765623092651,8.019574761390686,2.72727632522583,GEIAILVHVEGPQTAVAEAVAAEIEREFGVKVVVATGGFADLEAQAAALMAEVSKGKTVATVAMSPGYTADASSGLGWGNTGAPLTPAERAAVRTIMAAVDILAVAGHAMGGGGVATAVLGALRGVRVHFGYRDSEYVALATEMGAFKKLAYVPLTPWHTDKTMTEEAVDAKFAAHARLPELEAAGATPEEIAAARALTAPAGPHVPEVLPRVVGAEADTVAPVAEVYADVTEPVVTASIDELLAQLESLGLSTLLVLCNASHIAPNSGPGFELGMRLLALTMKEMGAEAFVELRLFRAEDAASAAALEAGDVLRRGLFTAARAWKEVF
11,0,11,0.9335841992461269,0.6225860118865967,0.6785229444503784,12.545143246650696,10.281411170959473,GRVAILIHAEDETKPVVQKIADEIRARYGVTVRVSTGGYAELRRLAAELAAELAAGATVATVAMSPGYTADASSGLGYGETGRPLTPEEREAVAVLARAVDLLAVAGHAMGGGGVALALRGALAGVEVHFGYRDSEKLAIATRLGAFRRLAGVPLTPWHTDKTLTPERLAAQFAAHARLPELRAAGASPEEIAALAALTAPAGPAVDGVLPRVVGAEADTVAPVAEVYADETAPRVTATIDELLARLPALDPATLLVLCNASHIAPNSGPGRELGARLLALTLRELGAEVFLDLRIFVAENEAELAALRSGEVLRSGLETWARAAVEVF
12,0,12,0.9616782877270447,0.42512184381484985,0.3797703683376312,19.619792819023132,10.012951850891113,GRVALLVHQEGPHRDVVEAVAARVRAEFGVEVRVSRGGPEELLALVRELVARVAEGLTVATYAMSPGYTADASSGLGYGETGAPLSEAEREAVRELLAGVDILAVAGHAMGGGGVALIVAGALAGHTISIGFSGSERVAIGTEGGYFKKLAYVPLTPWHTDKTLTPEKLAEKFAAHAELPKLKAAGATPEEIAAAAAKTAPTLPSVEGVLPAVVGAEADTVAPVDEVYSHETRPRVTATIEELLARLPELGLDTLLVLCNASHIAPNSGPGRELGWRLLALTMRAMGAEAFVDLLLLRALDAASAAALEAGTVLESGVTTLARAWREAF
13,0,13,0.9710792227409355,0.6176368594169617,0.6833401918411255,12.969219893217087,3.2949399948120117,GRVALVVHERGPNVAVVEKVAAAIREEFGVTVRVSTGGLADLRRLVEALMAEVSAGARVATVAMSPGYTADASSGLGYGETGRPLTPEERAAVRTLLAAVDMLAVAGHAMGGGGVSLAVAGALAGVRVSFGYRDDEFVALGTELGAFEKLASVPLTPWHTDKTATPEELAAKFAAHAELPKLKAAGATAEEIAALAAQTAPWLPAVEGVLPRVVGAEADTVAPVAEVYANETRPVVTASIDELLARLEALGLDTLLVLCNASHIAPNSGPGRRLGYRLLALTMREMGAEVFVDLRLFTAEDEADAAALAAGDVLEEGLRTWAEAAVEVF
14,0,14,0.9478356911570441,0.5689418911933899,0.6102458238601685,15.2340107858181,10.94229507446289,GEVAILIHQRDDTKPVVEAIAAEIRERYGVEVVVSRGGEEELLRLTRELMERVAKGKKVVTFAMSPGYTADASSGLGYGNTGAPLTPAEREAVAVLLKGVDMLAVAGHAMGGGGTSLLVRGALEGTVLHFGYSDSERVAIGTELGAFKEIGSVPLTPWHTDKTLTPAELARKFAAHAELPALKAAGATPEELAALAAITAPALPAVDGALPAVVGAEADTVAPVAEVLADETAPVVTASIDELLARLEELGLDTVLVLCNASHIAPNSGPGRELGYRLLALVARRMGAEVFVELRLFRALDEADLAALKDGTVLRAGLETLARAWVEVF
15,0,15,0.96466991837511,0.5383372008800507,0.5507678389549255,15.677669823169708,8.371071815490723,GEVAIVLHQEDDTVAVAQAIADEIRKEYGVTVVVSTGGYEDLLAQVKALAEKVAKGKKVATYAMSPGYTADASSGLGWGDTGRPLTPAEREAVKVLAEKVDILAVAGHAMGGGGVSLAVAGALAGTVLHFGYSDSERVGIATELGAFKELAYVPLTPWHTDKTLTPAALAAKFATHAALPALRAAGASPETIAAAAAATAPALPHVPGVLPAVVGAEADTVAPVAEVYADETAEVVTASIEELLARLPSLGLDKVLVLCNASHIAPNSGPGRRLGMRLLALVMKEMGAEAFIDLKLFRAENAAERAALESGEVLGSGLRTWAEAAVEVF
